{
    "loss": 0.1658119112253189,
    "accuracy": 0.9568965435028076
}